,platform,id,name,team,cumulative.games,cumulative.wins,cumulative.win_percentage,cumulative.play_duration,cumulative.core.shots,cumulative.core.shots_against,cumulative.core.goals,cumulative.core.goals_against,cumulative.core.saves,cumulative.core.assists,cumulative.core.score,cumulative.core.mvp,cumulative.core.shooting_percentage,cumulative.boost.bpm,cumulative.boost.bcpm,cumulative.boost.avg_amount,cumulative.boost.amount_collected,cumulative.boost.amount_stolen,cumulative.boost.amount_collected_big,cumulative.boost.amount_stolen_big,cumulative.boost.amount_collected_small,cumulative.boost.amount_stolen_small,cumulative.boost.count_collected_big,cumulative.boost.count_stolen_big,cumulative.boost.count_collected_small,cumulative.boost.count_stolen_small,cumulative.boost.time_zero_boost,cumulative.boost.percent_zero_boost,cumulative.boost.time_full_boost,cumulative.boost.percent_full_boost,cumulative.boost.amount_overfill,cumulative.boost.amount_overfill_stolen,cumulative.boost.amount_used_while_supersonic,cumulative.boost.time_boost_0_25,cumulative.boost.time_boost_25_50,cumulative.boost.time_boost_50_75,cumulative.boost.time_boost_75_100,cumulative.boost.percent_boost_0_25,cumulative.boost.percent_boost_25_50,cumulative.boost.percent_boost_50_75,cumulative.boost.percent_boost_75_100,cumulative.movement.avg_speed,cumulative.movement.total_distance,cumulative.movement.time_supersonic_speed,cumulative.movement.time_boost_speed,cumulative.movement.time_slow_speed,cumulative.movement.time_ground,cumulative.movement.time_low_air,cumulative.movement.time_high_air,cumulative.movement.time_powerslide,cumulative.movement.count_powerslide,cumulative.movement.avg_powerslide_duration,cumulative.movement.avg_speed_percentage,cumulative.movement.percent_slow_speed,cumulative.movement.percent_boost_speed,cumulative.movement.percent_supersonic_speed,cumulative.movement.percent_ground,cumulative.movement.percent_low_air,cumulative.movement.percent_high_air,cumulative.positioning.avg_distance_to_ball,cumulative.positioning.avg_distance_to_ball_possession,cumulative.positioning.avg_distance_to_ball_no_possession,cumulative.positioning.time_defensive_third,cumulative.positioning.time_neutral_third,cumulative.positioning.time_offensive_third,cumulative.positioning.time_defensive_half,cumulative.positioning.time_offensive_half,cumulative.positioning.time_behind_ball,cumulative.positioning.time_infront_ball,cumulative.positioning.time_most_back,cumulative.positioning.time_most_forward,cumulative.positioning.goals_against_while_last_defender,cumulative.positioning.time_closest_to_ball,cumulative.positioning.time_farthest_from_ball,cumulative.positioning.percent_defensive_third,cumulative.positioning.percent_offensive_third,cumulative.positioning.percent_neutral_third,cumulative.positioning.percent_defensive_half,cumulative.positioning.percent_offensive_half,cumulative.positioning.percent_behind_ball,cumulative.positioning.percent_infront_ball,cumulative.demo.inflicted,cumulative.demo.taken,game_average.core.shots,game_average.core.shots_against,game_average.core.goals,game_average.core.goals_against,game_average.core.saves,game_average.core.assists,game_average.core.score,game_average.core.mvp,game_average.core.shooting_percentage,game_average.boost.bpm,game_average.boost.bcpm,game_average.boost.avg_amount,game_average.boost.amount_collected,game_average.boost.amount_stolen,game_average.boost.amount_collected_big,game_average.boost.amount_stolen_big,game_average.boost.amount_collected_small,game_average.boost.amount_stolen_small,game_average.boost.count_collected_big,game_average.boost.count_stolen_big,game_average.boost.count_collected_small,game_average.boost.count_stolen_small,game_average.boost.time_zero_boost,game_average.boost.percent_zero_boost,game_average.boost.time_full_boost,game_average.boost.percent_full_boost,game_average.boost.amount_overfill,game_average.boost.amount_overfill_stolen,game_average.boost.amount_used_while_supersonic,game_average.boost.time_boost_0_25,game_average.boost.time_boost_25_50,game_average.boost.time_boost_50_75,game_average.boost.time_boost_75_100,game_average.boost.percent_boost_0_25,game_average.boost.percent_boost_25_50,game_average.boost.percent_boost_50_75,game_average.boost.percent_boost_75_100,game_average.movement.avg_speed,game_average.movement.total_distance,game_average.movement.time_supersonic_speed,game_average.movement.time_boost_speed,game_average.movement.time_slow_speed,game_average.movement.time_ground,game_average.movement.time_low_air,game_average.movement.time_high_air,game_average.movement.time_powerslide,game_average.movement.count_powerslide,game_average.movement.avg_powerslide_duration,game_average.movement.avg_speed_percentage,game_average.movement.percent_slow_speed,game_average.movement.percent_boost_speed,game_average.movement.percent_supersonic_speed,game_average.movement.percent_ground,game_average.movement.percent_low_air,game_average.movement.percent_high_air,game_average.positioning.avg_distance_to_ball,game_average.positioning.avg_distance_to_ball_possession,game_average.positioning.avg_distance_to_ball_no_possession,game_average.positioning.time_defensive_third,game_average.positioning.time_neutral_third,game_average.positioning.time_offensive_third,game_average.positioning.time_defensive_half,game_average.positioning.time_offensive_half,game_average.positioning.time_behind_ball,game_average.positioning.time_infront_ball,game_average.positioning.time_most_back,game_average.positioning.time_most_forward,game_average.positioning.goals_against_while_last_defender,game_average.positioning.time_closest_to_ball,game_average.positioning.time_farthest_from_ball,game_average.positioning.percent_defensive_third,game_average.positioning.percent_offensive_third,game_average.positioning.percent_neutral_third,game_average.positioning.percent_defensive_half,game_average.positioning.percent_offensive_half,game_average.positioning.percent_behind_ball,game_average.positioning.percent_infront_ball,game_average.demo.inflicted,game_average.demo.taken
0,Steam,76561198035439444,Ankles,FLOPSTARS,46,21,45.652172,16790,97,354,20,109,44,29,11942,0,20.618557,365.60138,368.22992,50.41567,103043,23637,69241,14374,33802,9263,841,172,3042,829,1473.29,8.774806,1270.7898,7.56873,15245,2940,10268,4923.9,4086.4795,3142.3298,4111.4,29.326385,24.33877,18.715483,24.487194,1575.7756,24729020,2283.0898,7369.66,7011.23,9589.089,6265.7803,809.1099,396.43008,4325,4.2199984,68.511986,42.07416,44.225086,13.7007475,57.54381,37.600746,4.8554425,3002.5593,2988.5999,3019.9373,7927.081,5279.71,3457.2502,10738.209,5925.8003,11761.422,4902.5703,5446.7,5496.0,32,4677.7,6182.301,47.56998,20.74677,31.68325,64.43952,35.56047,70.579865,29.420143,45,41,2.1086957,7.695652,0.4347826,2.3695652,0.95652175,0.6304348,259.6087,0,20.618555,365.60138,368.22992,50.41567,2240.0652,513.84784,1505.2391,312.47827,734.8261,201.36957,18.282608,3.7391305,66.13043,18.02174,32.028046,8.774806,27.625866,7.56873,331.41306,63.913044,223.21739,107.041306,88.83651,68.311516,89.37826,29.326385,24.33877,18.715483,24.487194,1575.7756,537587.4,49.63239,160.21,152.41805,208.45845,136.21262,17.589346,8.618045,94.021736,0.091739096,68.511986,42.07416,44.225086,13.7007475,57.54381,37.600746,4.8554425,3002.5593,2988.5999,3019.9373,172.32785,114.776306,75.157616,233.43933,128.82175,255.68309,106.577614,118.406525,119.478264,0.6956522,101.68913,134.39784,47.56998,20.74677,31.68325,64.43952,35.56047,70.579865,29.420143,0.9782609,0.8913044
1,Epic,c185a23491954fb4a651c79b1893bf81,Aryba.,POWERPUFF GIRLS,50,24,48.0,18243,133,360,42,125,62,29,17464,0,31.578947,367.73853,359.7172,47.60539,109372,25807,76774,15086,32598,10721,896,179,2768,937,1750.7699,9.59694,1520.8102,8.336404,12147,2472,12068,6459.22,4115.42,3140.3093,3917.28,35.406567,22.558899,17.213778,21.472784,1501.9044,25451072,1666.9696,7681.129,8709.089,11026.2705,6303.46,727.4601,361.33,3567,5.0599985,65.30019,48.230595,42.537792,9.231612,61.06304,34.90831,4.0286446,2764.437,2740.7732,2783.62,7965.348,5828.71,4263.11,10942.329,7114.77,12719.442,5337.7705,5547.2,5866.8,39,5923.501,5383.0005,44.111835,23.608963,32.279205,60.598484,39.401512,70.439674,29.560324,42,58,2.66,7.2,0.84,2.5,1.24,0.58,349.28,0,31.578947,367.73853,359.7172,47.60539,2187.44,516.14,1535.48,301.72,651.96,214.42,17.92,3.58,55.36,18.74,35.015396,9.59694,30.416204,8.336404,242.94,49.44,241.36,129.1844,82.308395,62.806187,78.345604,35.406567,22.558899,17.213778,21.472784,1501.9044,509021.44,33.339394,153.62257,174.18178,220.5254,126.0692,14.549202,7.2265997,71.34,0.10119997,65.30019,48.230595,42.537792,9.231612,61.06304,34.90831,4.0286446,2764.437,2740.7732,2783.62,159.30696,116.574196,85.2622,218.84659,142.2954,254.38885,106.75541,110.944,117.336,0.78,118.47002,107.66001,44.111835,23.608963,32.279205,60.598484,39.401512,70.439674,29.560324,0.84,1.16
2,Steam,76561198880753605,Bax,CANADIANS,59,22,37.288136,21087,189,503,42,155,106,21,23595,0,22.222221,478.05307,469.1649,49.128105,164888,32635,124721,21201,40167,11434,1522,240,3541,973,3447.3296,16.348127,2504.4697,11.8768425,28186,2913,22974,7818.048,3640.81,3114.9294,5726.5703,37.075203,17.265661,14.7718,27.156874,1659.2823,32501520,4986.84,8082.2197,7799.4087,9846.729,9557.369,1464.3497,460.72,4380,6.1299987,72.14271,37.37413,38.72934,23.89653,47.18477,45.798183,7.0170517,2904.3289,2716.3845,3062.933,10617.93,6311.99,3938.4302,14069.392,6798.91,15088.828,5779.5806,7050.2,6979.7,58,7103.1997,7088.1,50.880547,18.872744,30.246714,67.419914,32.580086,72.30464,27.69536,66,51,3.20339,8.525424,0.7118644,2.6271186,1.7966101,0.3559322,399.91525,0,22.222221,478.05307,469.1649,49.128105,2794.712,553.1356,2113.9153,359.339,680.79663,193.79662,25.79661,4.0677967,60.01695,16.491526,58.429314,16.348127,42.44864,11.8768425,477.72882,49.372883,389.38983,132.5093,61.708645,52.795414,97.06052,37.075203,17.265661,14.7718,27.156874,1659.2823,550873.25,84.52271,136.98677,132.19337,166.8937,161.9893,24.819487,7.8088136,74.23729,0.10389828,72.14271,37.37413,38.72934,23.89653,47.18477,45.798183,7.0170517,2904.3289,2716.3845,3062.933,179.9649,106.98289,66.75305,238.46426,115.23576,255.74284,97.95899,119.49492,118.3,0.9830508,120.39322,120.13729,50.880547,18.872744,30.246714,67.419914,32.580086,72.30464,27.69536,1.1186441,0.86440676
3,Steam,76561198976276890,Distill?,FLOPSTARS,46,21,45.652172,16790,87,354,28,109,45,15,11913,0,32.183907,338.28745,342.38596,50.428566,95811,17994,66793,10727,29018,7267,821,138,2522,639,1653.2197,9.846455,1446.7799,8.616914,15244,3071,9136,5103.12,3783.2998,3229.55,4127.1104,30.393806,22.533054,19.23496,24.580765,1489.1523,23384440,1746.0902,6680.2695,8244.938,10198.052,5883.78,589.45996,182.79002,1470,5.7099996,64.74575,49.455887,40.07048,10.47363,61.171333,35.292885,3.5357783,2935.363,2963.5742,2894.523,8045.549,5386.11,3239.5498,10890.28,5780.8394,12045.688,4625.51,5245.4004,5254.799,35,5099.001,5319.0,48.260147,19.432005,32.307858,65.32423,34.675774,72.254486,27.745512,30,38,1.8913044,7.695652,0.6086956,2.3695652,0.9782609,0.32608697,258.97827,0,32.183907,338.28745,342.38596,50.428566,2082.848,391.17392,1452.0217,233.19565,630.8261,157.97826,17.847826,3.0,54.826088,13.891304,35.93956,9.846455,31.451736,8.616914,331.3913,66.76087,198.60869,110.93739,82.24565,70.20761,89.71979,30.393806,22.533054,19.23496,24.580765,1489.1523,508357.4,37.958485,145.22325,179.2378,221.69678,127.90826,12.814347,3.9736962,31.956522,0.12413043,64.74575,49.455887,40.07048,10.47363,61.171333,35.292885,3.5357783,2935.363,2963.5742,2894.523,174.90323,117.08935,70.424995,236.74522,125.67042,261.8628,100.55456,114.03044,114.23476,0.76086956,110.84785,115.63043,48.260147,19.432005,32.307858,65.32423,34.675774,72.254486,27.745512,0.65217394,0.82608694
4,Epic,cb7ff2103bdc42ed88b49bda2258545f,Dur1_,POWERPUFF GIRLS,15,7,46.666668,5354,37,100,11,33,18,11,5590,0,29.72973,405.08798,402.5738,47.70854,35923,6719,24388,3531,11535,3188,295,44,983,269,591.16003,11.041465,491.02,9.171087,4954,915,3468,1913.07,1233.9701,814.71,1197.3099,35.7316,23.04763,15.216847,22.362906,1505.5577,7527849,698.75,2072.8901,2516.6697,2922.1802,2029.85,336.25,113.89,1121,1.5200001,65.45904,47.589302,39.197594,13.213107,55.257668,38.383934,6.3584,2661.15,2553.5735,2769.1772,2493.3398,1780.8099,1014.1399,3466.6301,1821.6799,3797.28,1491.0101,1712.5,1602.8999,16,1985.6998,1470.2999,47.14832,19.177086,33.67459,65.5527,34.4473,71.80544,28.194561,13,20,2.4666667,6.6666665,0.73333335,2.2,1.2,0.73333335,372.66666,0,29.72973,405.08798,402.5738,47.70854,2394.8667,447.93332,1625.8667,235.4,769.0,212.53334,19.666666,2.9333334,65.53333,17.933332,39.410667,11.041465,32.734665,9.171087,330.26666,61.0,231.2,127.537994,82.26467,54.314003,79.82066,35.7316,23.04763,15.216847,22.362906,1505.5577,501856.6,46.583332,138.19267,167.77798,194.81201,135.32333,22.416666,7.5926666,74.73333,0.10133334,65.45904,47.589302,39.197594,13.213107,55.257668,38.383934,6.3584,2661.15,2553.5735,2769.1772,166.22266,118.720665,67.60933,231.10867,121.44533,253.15201,99.40067,114.166664,106.85999,1.0666667,132.37999,98.02,47.14832,19.177086,33.67459,65.5527,34.4473,71.80544,28.194561,0.8666667,1.3333334
5,Steam,76561198949468845,Duri,POWERPUFF GIRLS,35,17,48.57143,12889,110,260,35,92,42,34,15550,0,31.818182,404.5193,401.67273,49.073105,86286,17245,61284,9467,25002,7778,748,116,2168,678,1324.66,10.277446,1291.7001,10.021725,11545,1492,6200,4532.5596,2722.03,2089.73,3058.97,35.166107,21.119017,16.213284,23.733183,1531.4153,18233392,1813.44,5063.73,5868.9604,6766.059,5144.75,835.32007,320.22998,2954,3.7599986,66.583275,46.045036,39.727585,14.227376,53.08325,40.363235,6.5535197,2617.0977,2435.5986,2803.5469,5686.75,4103.7603,2955.5798,7843.49,4902.5503,9154.941,3591.15,4108.9,4128.4,27,4664.3003,3743.0,44.615643,23.188128,32.196228,61.536674,38.463318,71.82548,28.174519,40,45,3.142857,7.428571,1.0,2.6285715,1.2,0.9714286,444.2857,0,31.818182,404.5193,401.67273,49.073105,2465.3142,492.7143,1750.9714,270.48572,714.34283,222.22858,21.37143,3.3142858,61.942856,19.37143,37.84743,10.277446,36.905716,10.021725,329.85715,42.62857,177.14285,129.50171,77.772285,59.70657,87.39914,35.166107,21.119017,16.213284,23.733183,1531.4153,520954.06,51.81257,144.678,167.68459,193.31598,146.99286,23.866287,9.149428,84.4,0.10742853,66.583275,46.045036,39.727585,14.227376,53.08325,40.363235,6.5535197,2617.0977,2435.5986,2803.5469,162.47858,117.25029,84.44514,224.09972,140.07286,261.56976,102.60429,117.39714,117.954285,0.7714286,133.26572,106.942856,44.615643,23.188128,32.196228,61.536674,38.463318,71.82548,28.174519,1.1428572,1.2857143
6,Epic,05bc74ba361e4f4d8ea8064137a3350b,Elakrity,AX STREET BOYS,34,10,29.411764,12041,53,318,15,101,32,11,7973,0,28.301888,355.61282,324.55115,48.357086,65132,10315,42588,5078,22544,5237,482,56,1927,451,1403.9299,11.65958,466.56998,3.874844,5648,540,5157,3965.71,3034.68,2022.7502,2285.5098,32.935055,25.20289,16.798857,18.981062,1458.6682,16015779,1271.9601,4273.2095,6234.8794,7089.499,4269.0503,421.52005,307.88995,2608,3.9799986,63.42036,52.92745,36.27497,10.797579,60.182148,36.2396,3.5782475,2976.8572,2949.0242,2983.7236,6238.829,3651.2795,1889.9398,8187.5586,3592.49,8558.12,3221.9397,4065.9,3388.5002,30,3408.7998,4067.9995,52.960983,16.043568,30.995457,69.50361,30.496393,72.64921,27.350792,14,24,1.5588236,9.3529415,0.44117647,2.9705882,0.9411765,0.32352942,234.5,0,28.301888,355.61282,324.55115,48.357086,1915.6471,303.38235,1252.5883,149.35294,663.05884,154.02942,14.176471,1.6470588,56.67647,13.264706,41.292057,11.65958,13.722647,3.874844,166.11765,15.882353,151.67647,116.63853,89.255295,59.492653,67.22088,32.935055,25.20289,16.798857,18.981062,1458.6682,471052.3,37.41059,125.68263,183.3788,208.51468,125.5603,12.397649,9.055587,76.70588,0.117058784,63.42036,52.92745,36.27497,10.797579,60.182148,36.2396,3.5782475,2976.8572,2949.0242,2983.7236,183.49498,107.39057,55.586464,240.81055,105.66147,251.70941,94.76293,119.58529,99.66177,0.88235295,100.25882,119.64704,52.960983,16.043568,30.995457,69.50361,30.496393,72.64921,27.350792,0.4117647,0.7058824
7,Steam,76561198976136810,Elhon,FLOWBERRIES,42,27,64.28571,15478,100,355,39,84,54,29,14251,0,39.0,382.3704,369.8695,50.275455,95414,18172,62884,9044,32530,9128,736,107,2857,804,1492.8099,9.644722,1426.2498,9.21469,11013,1704,18303,5071.1,3446.0593,2733.2402,3719.6902,32.763275,22.264242,17.658873,24.032112,1568.0016,22660254,2408.4304,6161.311,6799.8696,9209.22,5579.82,580.6099,323.26996,3291,4.1499987,68.17398,44.2423,40.08762,15.67008,59.918217,36.304146,3.7776394,2907.4373,2894.62,2935.0586,7577.481,4756.6294,3035.5298,10086.119,5283.47,11232.13,4137.53,4950.2993,4840.8,31,4725.3003,5045.2007,49.301617,19.750168,30.948215,65.62387,34.37613,73.07989,26.920113,92,35,2.3809524,8.452381,0.9285714,2.0,1.2857143,0.6904762,339.3095,0,39.0,382.3704,369.8695,50.275455,2271.762,432.66666,1497.238,215.33333,774.5238,217.33333,17.52381,2.547619,68.02381,19.142857,35.543095,9.644722,33.95833,9.21469,262.2143,40.57143,435.7857,120.74048,82.049034,65.07715,88.56405,32.763275,22.264242,17.658873,24.032112,1568.0016,539529.9,57.343582,146.69788,161.90166,219.26714,132.85286,13.824046,7.6969037,78.35714,0.098809496,68.17398,44.2423,40.08762,15.67008,59.918217,36.304146,3.7776394,2907.4373,2894.62,2935.0586,180.41621,113.25308,72.27452,240.14569,125.79691,267.43167,98.51261,117.86427,115.25714,0.7380952,112.50715,120.123825,49.301617,19.750168,30.948215,65.62387,34.37613,73.07989,26.920113,2.1904762,0.8333333
8,Steam,76561198386500601,Imminent,IRS,60,33,55.0,22047,254,469,68,142,132,37,31818,0,26.771654,427.29587,424.95578,51.973473,156150,33050,112384,20702,43766,12348,1406,242,3946,1090,2537.1196,11.507777,3277.0605,14.863976,29339,3659,26876,6819.459,4077.9604,3634.691,6846.5703,30.93146,18.496668,16.486103,31.05443,1544.582,31736940,3504.18,8434.799,9961.961,12635.94,7712.6606,1552.3301,401.56006,3030,7.979999,67.15574,45.486458,38.513412,16.000135,57.6959,35.21613,7.087963,2795.2134,2602.6177,2966.2732,11204.808,6706.6294,3989.4897,14968.05,6932.83,16998.574,4902.381,8025.6,6461.2,50,8008.0005,6719.3,51.16134,18.216076,30.622581,68.34452,31.655487,77.61568,22.384325,45,47,4.233333,7.8166666,1.1333333,2.3666666,2.2,0.6166667,530.3,0,26.771656,427.29587,424.95578,51.973473,2602.5,550.8333,1873.0667,345.03333,729.43335,205.8,23.433332,4.0333333,65.76667,18.166666,42.285328,11.507777,54.617676,14.863976,488.98334,60.983334,447.93332,113.657646,67.96601,60.578182,114.109505,30.93146,18.496668,16.486103,31.05443,1544.582,528949.0,58.403,140.57999,166.03268,210.59901,128.54434,25.872168,6.6926675,50.5,0.13299999,67.15574,45.486458,38.513412,16.000135,57.6959,35.21613,7.087963,2795.2134,2602.6177,2966.2732,186.7468,111.77715,66.49149,249.4675,115.547165,283.30957,81.706345,133.76,107.68667,0.8333333,133.46667,111.98833,51.16134,18.216076,30.622581,68.34452,31.655487,77.61568,22.384325,0.75,0.78333336
9,Epic,9425aaf8df3f450893ea034d8b6051dd,KickerKickerr,LOS GRINGOS,14,11,78.57143,5134,36,104,13,25,16,15,4921,0,36.11111,354.08627,343.58005,48.314915,29399,5696,19438,3130,9961,2566,236,43,861,236,620.95996,12.095052,472.07996,9.1951685,4236,1111,3325,1776.56,1163.9501,823.79,1217.8899,34.603817,22.671408,16.045773,23.722048,1574.1746,7556331,885.39,2009.9299,2203.6,2898.17,2039.6599,161.09999,108.37001,969,1.57,68.44237,43.216995,39.418736,17.364264,56.838787,40.00172,3.159486,2990.285,2943.2126,3048.096,2390.46,1543.12,1165.35,3202.8499,1896.08,3716.39,1382.54,1711.0,1624.2999,9,1447.0,1755.1,46.8816,22.854794,30.263603,62.814163,37.185844,72.88569,27.114317,24,12,2.5714285,7.428571,0.9285714,1.7857143,1.1428572,1.0714285,351.5,0,36.11111,354.08627,343.58005,48.314915,2099.9285,406.85715,1388.4286,223.57143,711.5,183.28572,16.857143,3.0714285,61.5,16.857143,44.354282,12.095052,33.719997,9.1951685,302.57144,79.35714,237.5,126.89715,83.13929,58.84214,86.992134,34.603817,22.671408,16.045773,23.722048,1574.1746,539737.94,63.242146,143.56642,157.40001,207.01213,145.68999,11.507142,7.740715,69.21429,0.11214286,68.44237,43.216995,39.418736,17.364264,56.838787,40.00172,3.159486,2990.285,2943.2126,3048.096,170.74715,110.222855,83.23928,228.775,135.43428,265.45642,98.75286,122.21429,116.02142,0.64285713,103.35714,125.36428,46.8816,22.854794,30.263603,62.814163,37.185844,72.88569,27.114317,1.7142857,0.85714287
10,Epic,17ba1b410d0e4131b4ea04fc63c777f6,Kyzeke,AX STREET BOYS,34,10,29.411764,12041,77,318,15,101,74,9,11763,0,19.48052,375.75766,366.45795,52.531662,73542,14682,50662,8305,22880,6377,625,100,2015,559,1109.2101,9.211944,926.99994,7.6986957,11527,1744,8120,3305.5198,2947.6897,2437.85,2958.1504,27.452202,24.48044,20.246243,24.567314,1468.7109,16503318,1407.0402,4543.85,5999.0103,6936.73,4518.9995,494.19998,215.53001,2332,3.0399992,63.857,50.20134,38.024166,11.774493,58.04829,37.816116,4.135589,2689.771,2555.4111,2799.835,6130.47,3684.2402,2135.26,8131.8003,3818.0298,8636.39,3313.5698,3871.9,3883.0996,32,4201.5,3434.8003,51.30113,17.868328,30.830538,68.0495,31.950493,72.271286,27.728712,47,25,2.264706,9.3529415,0.44117647,2.9705882,2.1764705,0.2647059,345.97058,0,19.48052,375.75766,366.45795,52.531662,2163.0,431.82352,1490.0588,244.26471,672.94116,187.55882,18.382353,2.9411764,59.264706,16.441177,32.623825,9.211944,27.264704,7.6986957,339.02942,51.294117,238.82353,97.22117,86.696754,71.70148,87.004425,27.452202,24.48044,20.246243,24.567314,1468.7109,485391.72,41.383533,133.64265,176.44148,204.02147,132.91174,14.535294,6.339118,68.588234,0.08941174,63.857,50.20134,38.024166,11.774493,58.04829,37.816116,4.135589,2689.771,2555.4111,2799.835,180.30795,108.36001,62.801765,239.1706,112.29499,254.01146,97.45794,113.87941,114.20881,0.9411765,123.57353,101.02354,51.30113,17.868328,30.830538,68.0495,31.950493,72.271286,27.728712,1.382353,0.7352941
11,Steam,76561199052199242,Niall IV,CANADIANS,32,15,46.875,11580,101,246,33,72,39,19,13388,0,32.673267,421.64017,414.96375,49.02908,80088,16360,57090,9740,22998,6620,666,115,2013,569,1405.7601,12.139552,1842.2599,15.908979,10120,1946,10147,3782.22,2168.7102,1838.6901,3287.1697,32.66166,18.728067,15.878152,28.386612,1575.9243,16893756,2074.2302,4400.87,4967.441,5895.28,4822.7896,724.41,341.78,3092,3.5699985,68.51845,43.412045,38.4606,18.127356,51.521,42.148117,6.330883,2837.6177,2661.4595,3013.5688,5296.2793,3748.3203,2397.97,7306.179,4136.33,8202.68,3239.84,3890.9001,3767.3003,23,3930.1003,3842.2,46.28575,20.95657,32.75768,63.851196,36.1488,71.68596,28.314043,24,32,3.15625,7.6875,1.03125,2.25,1.21875,0.59375,418.375,0,32.673267,421.64017,414.96375,49.02908,2502.75,511.25,1784.0625,304.375,718.6875,206.875,20.8125,3.59375,62.90625,17.78125,43.930004,12.139552,57.57062,15.908979,316.25,60.8125,317.09375,118.194374,67.772194,57.459064,102.72405,32.66166,18.728067,15.878152,28.386612,1575.9243,527929.9,64.819695,137.52719,155.23253,184.2275,150.71217,22.637812,10.680625,96.625,0.11156245,68.51845,43.412045,38.4606,18.127356,51.521,42.148117,6.330883,2837.6177,2661.4595,3013.5688,165.50873,117.13501,74.93656,228.3181,129.26031,256.33374,101.245,121.59063,117.728134,0.71875,122.815636,120.06875,46.28575,20.95657,32.75768,63.851196,36.1488,71.68596,28.314043,0.75,1.0
12,Steam,76561198364124078,Paperclip94,LOS GRINGOS,41,32,78.04878,14968,144,310,49,70,83,24,20377,0,34.02778,353.11267,358.0278,54.503822,89316,20077,57469,10126,31847,9951,761,134,2803,868,890.17,5.947154,1387.9102,9.272515,18851,3424,7113,3668.1611,3597.5298,2973.06,4264.08,24.50669,24.034805,19.862774,28.487974,1493.0446,20897198,1689.87,5949.6284,7205.7,8445.431,5589.11,810.66003,264.58997,2884,3.7799985,64.91498,48.53893,40.077797,11.383277,56.889973,37.64927,5.4607544,2592.5872,2479.0618,2701.887,7098.15,4740.88,3006.2107,9622.231,5222.95,11490.23,3354.96,4944.1,4306.3,21,5547.7,3993.0,47.814316,20.250334,31.935354,64.8172,35.182796,77.40035,22.599642,40,40,3.512195,7.5609756,1.195122,1.7073171,2.0243902,0.58536583,497.0,0,34.02778,353.11267,358.0278,54.503822,2178.439,489.68292,1401.683,246.97562,776.7561,242.70732,18.560976,3.2682927,68.36585,21.170732,21.711464,5.947154,33.851467,9.272515,459.7805,83.51219,173.48781,89.46735,87.74463,72.51366,104.00195,24.50669,24.034805,19.862774,28.487974,1493.0446,509687.75,41.216343,145.11288,175.74878,205.98611,136.31975,19.772196,6.453414,70.34146,0.092195086,64.91498,48.53893,40.077797,11.383277,56.889973,37.64927,5.4607544,2592.5872,2479.0618,2701.887,173.12561,115.63122,73.32221,234.68857,127.38903,280.2495,81.82829,120.58781,105.0317,0.5121951,135.30975,97.39024,47.814316,20.250334,31.935354,64.8172,35.182796,77.40035,22.599642,0.9756098,0.9756098
13,Steam,76561198880456787,Pullis.,CANADIANS,57,27,47.36842,20626,113,431,21,126,86,28,16319,0,18.58407,356.80145,356.03506,53.884956,122393,27664,80213,15614,42180,12050,1003,192,3765,1079,2282.14,11.064384,2336.56,11.328226,21766,3822,8101,5752.4395,4077.15,3913.3901,6072.95,27.889263,19.767042,18.973093,29.443178,1494.7032,28854950,2474.98,8158.098,9788.76,11773.913,7694.35,953.43005,307.33008,2692,6.499998,64.9871,47.932808,39.947914,12.119282,57.65395,37.677338,4.668712,2838.795,2736.4683,2925.1104,9332.401,6829.5796,4259.719,12860.379,7561.351,14596.671,5825.0483,6476.2,6657.7,40,6374.8013,6570.6006,45.698456,20.85879,33.442757,62.97399,37.026005,71.47621,28.52379,30,66,1.9824561,7.5614033,0.36842105,2.2105262,1.5087719,0.49122807,286.29825,0,18.584072,356.80145,356.03506,53.884956,2147.2456,485.33334,1407.2456,273.9298,740.0,211.4035,17.59649,3.368421,66.052635,18.929825,40.03754,11.064384,40.992283,11.328226,381.85965,67.052635,142.1228,100.91999,71.528946,68.65597,106.542984,27.889263,19.767042,18.973093,29.443178,1494.7032,506227.2,43.4207,143.12453,171.73262,206.55988,134.9886,16.726843,5.3917556,47.22807,0.114035055,64.9871,47.932808,39.947914,12.119282,57.65395,37.677338,4.668712,2838.795,2736.4683,2925.1104,163.72633,119.817184,74.73192,225.62068,132.65529,256.08194,102.19383,113.617546,116.80176,0.7017544,111.838615,115.2737,45.698456,20.85879,33.442757,62.97399,37.026005,71.47621,28.52379,0.5263158,1.1578947
14,Steam,76561198389804286,Ray,IRS,60,33,55.0,22047,155,469,47,142,84,40,20895,0,30.32258,396.91904,383.90256,43.601265,141065,25299,100024,14868,41041,10431,1175,171,3506,908,3467.15,15.726176,2171.4197,9.849049,15492,1502,18474,8928.089,4611.469,3236.06,4345.7695,40.49571,20.916538,14.678006,19.711386,1558.7446,31975292,3436.13,8577.4795,9812.029,12653.931,8122.7,1049.1401,326.72998,2488,7.830001,67.77151,44.95644,39.30002,15.74355,57.977016,37.216095,4.806887,3007.5876,2917.8022,3099.3496,10403.852,7121.9194,4299.879,14226.73,7598.861,15425.571,6400.061,6984.3994,7408.0,45,6612.401,7646.4995,47.668,19.701035,32.630962,65.18371,34.816288,70.6764,29.3236,60,66,2.5833333,7.8166666,0.78333336,2.3666666,1.4,0.6666667,348.25,0,30.322582,396.91904,383.90256,43.601265,2351.0833,421.65,1667.0667,247.8,684.01666,173.85,19.583334,2.85,58.433334,15.133333,57.78583,15.726176,36.190327,9.849049,258.2,25.033333,307.9,148.80148,76.85782,53.934334,72.42949,40.49571,20.916538,14.678006,19.711386,1558.7446,532921.56,57.268833,142.958,163.53383,210.89885,135.37834,17.485668,5.4455,41.466667,0.13050002,67.77151,44.95644,39.30002,15.74355,57.977016,37.216095,4.806887,3007.5876,2917.8022,3099.3496,173.39752,118.698654,71.66465,237.11217,126.64768,257.09286,106.66769,116.406654,123.46667,0.75,110.20668,127.44166,47.668,19.701035,32.630962,65.18371,34.816288,70.6764,29.3236,1.0,1.1
15,Steam,76561198262801476,Supe,FLOWBERRIES,42,27,64.28571,15478,104,355,35,84,51,28,14011,0,33.653847,378.66837,376.43234,49.842937,97107,16853,72964,9756,24143,7097,874,123,2013,605,1599.17,10.33189,1871.3298,12.090256,13485,2252,10426,4707.791,3083.8303,2941.18,4117.2695,30.416016,19.923958,19.002325,26.600784,1598.9117,23030748,2319.8098,6937.5894,6062.3003,8824.291,5791.46,703.9101,303.5,2730,4.739998,69.5179,39.571926,45.285416,15.142659,57.601086,37.8041,4.594815,2928.6858,2865.0098,2972.9155,7226.13,4733.719,3359.82,9754.529,5565.1714,10698.953,4620.7095,4422.5005,5495.1,21,4936.4995,5105.3003,47.16897,21.931412,30.899618,63.673103,36.326893,69.83804,30.161953,38,40,2.4761906,8.452381,0.8333333,2.0,1.2142857,0.6666667,333.59525,0,33.653843,378.66837,376.43234,49.842937,2312.0715,401.2619,1737.238,232.28572,574.8333,168.9762,20.809525,2.9285715,47.92857,14.404762,38.075478,10.33189,44.555473,12.090256,321.07144,53.61905,248.2381,112.09026,73.42453,70.02809,98.03023,30.416016,19.923958,19.002325,26.600784,1598.9117,548351.1,55.233566,165.1807,144.34048,210.10217,137.8919,16.759764,7.2261906,65.0,0.11285709,69.5179,39.571926,45.285416,15.142659,57.601086,37.8041,4.594815,2928.6858,2865.0098,2972.9155,172.0507,112.7076,79.99571,232.2507,132.50407,254.73698,110.01689,105.29763,130.83572,0.5,117.535706,121.55477,47.16897,21.931412,30.899618,63.673103,36.326893,69.83804,30.161953,0.9047619,0.95238096
16,Steam,76561198262675567,Sym,IRS,60,33,55.0,22047,93,469,32,142,47,28,13182,0,34.408604,288.2342,282.814,45.202824,103920,19173,64007,7725,39913,11448,742,96,3439,987,2561.84,11.619904,1816.1099,8.237447,9929,1876,9597,7315.4604,5464.0605,3899.2598,4158.1494,33.181206,24.783691,17.686123,18.860386,1505.0067,31003840,1877.6302,9778.139,10243.167,12241.639,8895.189,762.0801,276.61002,2414,6.899998,65.435074,46.774727,44.651207,8.574071,55.90068,40.619328,3.4799912,2936.9019,2910.9402,2959.6301,10152.5205,7323.2397,4423.1997,14027.099,7871.8486,15372.591,6526.38,6404.001,7092.8,47,6348.101,7013.502,46.360744,20.19822,33.44104,64.05376,35.946243,70.19778,29.802223,34,41,1.55,7.8166666,0.53333336,2.3666666,0.78333336,0.46666667,219.7,0,34.408604,288.2342,282.814,45.202824,1732.0,319.55,1066.7833,128.75,665.2167,190.8,12.366667,1.6,57.316666,16.45,42.697334,11.619904,30.268497,8.237447,165.48334,31.266666,159.95,121.92434,91.06767,64.98766,69.30249,33.181206,24.783691,17.686123,18.860386,1505.0067,516730.66,31.293837,162.96898,170.71945,204.02731,148.25316,12.701335,4.610167,40.233334,0.11499997,65.435074,46.774727,44.651207,8.574071,55.90068,40.619328,3.4799912,2936.9019,2910.9402,2959.6301,169.20868,122.05399,73.71999,233.78497,131.19748,256.20984,108.772995,106.73335,118.21333,0.78333336,105.80168,116.8917,46.360744,20.19822,33.44104,64.05376,35.946243,70.19778,29.802223,0.56666666,0.68333334
17,Epic,b8bc9540f9224d209a9139dea4c54745,TTV GarretBax,BIG THREE,46,22,47.826088,16210,63,371,17,111,43,17,9498,0,26.984127,352.32956,338.83157,43.37984,91541,19030,62328,10820,29213,8210,712,123,2459,701,3109.3994,19.181982,1527.29,9.4219,8619,1584,11586,6462.129,3036.5903,2397.7097,3551.3896,39.865074,18.73282,14.791547,21.908634,1496.149,22456476,1759.96,6691.66,7607.81,9824.491,5656.3394,578.54,302.45,1424,9.710001,65.04996,47.37285,41.668102,10.9590435,61.176067,35.221428,3.602507,3158.4404,3116.8948,3198.2239,7768.6914,5257.3696,3033.3296,10524.32,5534.96,11160.84,4898.62,5288.7993,5332.801,31,4351.599,5895.8003,48.374756,18.888199,32.73704,65.534195,34.465805,69.49698,30.503017,46,47,1.3695652,8.065217,0.36956522,2.4130435,0.9347826,0.36956522,206.47826,0,26.984125,352.32956,338.83157,43.37984,1990.0217,413.69565,1354.9565,235.21739,635.06525,178.47826,15.478261,2.673913,53.45652,15.23913,67.59564,19.181982,33.201958,9.4219,187.36957,34.434784,251.86957,140.48106,66.01283,52.124123,77.204124,39.865074,18.73282,14.791547,21.908634,1496.149,488184.25,38.26,145.47087,165.38718,213.5759,122.9639,12.576956,6.5750003,30.956522,0.21108697,65.04996,47.37285,41.668102,10.9590435,61.176067,35.221428,3.602507,3158.4404,3116.8948,3198.2239,168.8846,114.29064,65.94195,228.78957,120.32522,242.62695,106.491745,114.9739,115.93045,0.67391306,94.59998,128.16957,48.374756,18.888199,32.73704,65.534195,34.465805,69.49698,30.503017,1.0,1.0217391
18,Steam,76561198148363848,Turtle,DECHAMBROS,62,29,46.774193,22576,124,470,36,153,69,43,18789,0,29.032259,408.82254,399.8866,47.675014,150464,25952,109361,15303,41103,10649,1324,200,3511,924,3065.4395,13.57831,2545.87,11.276888,23021,4859,26599,8493.079,4291.5005,3553.3303,5546.6206,37.61995,19.009127,15.739415,24.568659,1585.6711,33375020,3378.0996,9752.841,9283.57,12811.739,8279.41,1323.3202,333.41003,2958,6.989998,68.94222,41.41768,43.511284,15.07104,57.15834,36.937794,5.903866,2975.2197,2927.2498,3023.2622,10602.441,7398.9,4413.1294,14520.472,7894.0405,16159.139,6255.2905,8051.0,6406.501,55,6966.1997,7607.3,47.30177,19.688751,33.00948,64.78156,35.218437,72.092575,27.907427,74,48,2.0,7.580645,0.58064514,2.467742,1.1129032,0.6935484,303.0484,0,29.032257,408.82254,399.8866,47.675014,2426.8386,418.58066,1763.8871,246.82259,662.9516,171.75807,21.35484,3.2258065,56.629032,14.903226,49.442574,13.57831,41.06242,11.276888,371.30646,78.370964,429.01614,136.98515,69.21775,57.31178,89.461624,37.61995,19.009127,15.739415,24.568659,1585.6711,538306.75,54.485477,157.30388,149.735,206.64096,133.53888,21.343874,5.377581,47.70968,0.1127419,68.94222,41.41768,43.511284,15.07104,57.15834,36.937794,5.903866,2975.2197,2927.2498,3023.2622,171.00713,119.3371,71.179504,234.20116,127.323235,260.63126,100.891785,129.85484,103.33066,0.88709676,112.35806,122.69839,47.30177,19.688751,33.00948,64.78156,35.218437,72.092575,27.907427,1.1935484,0.7741935
19,Epic,3b97d14843da4bdd8a8db8017bcde77a,VaredzZ,SCHOOL SHOOTERS,46,17,36.95652,17035,145,374,38,103,88,24,19381,0,26.206896,437.08325,425.10715,48.221756,120695,25049,84119,14930,36576,10119,1025,170,3150,861,2123.4102,12.464985,1051.4,6.171999,18329,2127,13848,6003.2803,3769.8896,2958.2703,3721.3398,35.240856,22.130259,17.365837,21.84526,1522.5402,24275592,2845.9602,6169.929,7828.321,9386.249,6647.87,810.14,344.74997,2659,5.9699993,66.197395,46.474842,36.629375,16.895777,55.723724,39.46668,4.809591,2733.1646,2650.5242,2798.0764,8854.8,4688.659,3300.83,11341.039,5503.1895,12622.821,4221.4497,5729.0,5193.099,42,5851.1,4958.7,52.568558,19.596138,27.835304,67.328926,32.671066,74.93836,25.061634,32,47,3.152174,8.130435,0.82608694,2.2391305,1.9130435,0.5217391,421.32608,0,26.206896,437.08325,425.10715,48.221756,2623.8044,544.54346,1828.674,324.56522,795.13043,219.97826,22.282608,3.6956522,68.478264,18.717392,46.16109,12.464985,22.856522,6.171999,398.4565,46.239132,301.0435,130.50609,81.954124,64.31023,80.89869,35.240856,22.130259,17.365837,21.84526,1522.5402,527730.25,61.868702,134.12889,170.1809,204.04889,144.51892,17.61174,7.4945645,57.804348,0.12978259,66.197395,46.474842,36.629375,16.895777,55.723724,39.46668,4.809591,2733.1646,2650.5242,2798.0764,192.49565,101.927376,71.75718,246.54433,119.63455,274.40915,91.770645,124.54348,112.893456,0.9130435,127.19783,107.79783,52.568558,19.596138,27.835304,67.328926,32.671066,74.93836,25.061634,0.6956522,1.0217391
20,Epic,ed36df393f09474e9add178476696063,Veavo,SCHOOL SHOOTERS,46,17,36.95652,17035,107,374,27,103,67,18,14377,0,25.233644,350.25952,341.9489,47.14055,97085,14639,60809,6533,36276,8106,687,76,3142,699,1845.9502,10.836221,1386.88,8.141356,7996,1140,8474,6295.6797,3945.4902,2629.78,3637.3997,36.957325,23.161081,15.437511,21.352509,1412.8413,22659096,1866.8397,5911.1104,9139.06,9863.419,6223.0703,830.57,357.08002,2545,6.540001,61.42788,54.0229,34.94182,11.035282,58.304573,36.785767,4.90966,2803.834,2756.3728,2839.2825,8668.609,5684.4604,2564.0105,11742.82,5174.2,12905.231,4011.75,6140.599,4694.5996,33,5379.0005,5536.7,51.24176,15.156342,33.601902,69.41424,30.585768,76.28567,23.714338,30,42,2.326087,8.130435,0.5869565,2.2391305,1.4565217,0.39130434,312.5435,0,25.233643,350.25952,341.9489,47.14055,2110.5435,318.23914,1321.9348,142.02174,788.6087,176.21739,14.934783,1.6521739,68.304344,15.195652,40.129353,10.836221,30.149565,8.141356,173.82608,24.782608,184.21739,136.8626,85.77153,57.169132,79.073906,36.957325,23.161081,15.437511,21.352509,1412.8413,492589.03,40.583473,128.5024,198.6752,214.42215,135.28413,18.05587,7.762609,55.326088,0.14217393,61.42788,54.0229,34.94182,11.035282,58.304573,36.785767,4.90966,2803.834,2756.3728,2839.2825,188.44803,123.575226,55.739357,255.2787,112.48261,280.54852,87.21196,133.49129,102.05651,0.7173913,116.93479,120.363045,51.24176,15.156342,33.601902,69.41424,30.585768,76.28567,23.714338,0.65217394,0.9130435
21,Steam,76561198298956453,Xero,DECHAMBROS,62,29,46.774193,22576,185,470,53,153,73,42,22922,0,28.64865,436.6922,427.14386,48.112244,160720,34701,122164,22944,38556,11757,1427,264,3372,1009,3671.3904,16.26236,2003.7904,8.875755,19850,3172,19741,8687.239,4145.4697,3453.5,5461.3,38.479977,18.362286,15.297218,24.190733,1597.4132,33531244,3989.9006,9073.47,9314.658,11079.521,9825.67,1472.8401,595.7299,6250,5.89,69.45275,41.624123,40.546333,17.829544,49.510708,43.90766,6.581634,2840.9873,2639.0461,3040.625,9958.137,7309.0005,5110.8394,13806.368,8571.661,15115.093,7262.921,6553.4004,8059.1006,42,7714.7,6904.602,44.49972,22.838701,32.66158,61.696087,38.303913,67.54439,32.45561,64,63,2.983871,7.580645,0.8548387,2.467742,1.1774193,0.67741936,369.7097,0,28.64865,436.6922,427.14386,48.112244,2592.258,559.69354,1970.3871,370.0645,621.871,189.62903,23.016129,4.2580647,54.387096,16.274193,59.215973,16.26236,32.3192,8.875755,320.1613,51.16129,318.40323,140.11676,66.86241,55.701614,88.08548,38.479977,18.362286,15.297218,24.190733,1597.4132,540826.5,64.35323,146.34628,150.23642,178.70197,158.47855,23.755486,9.608547,100.80645,0.095,69.45275,41.624123,40.546333,17.829544,49.510708,43.90766,6.581634,2840.9873,2639.0461,3040.625,160.61511,117.88711,82.43289,222.68336,138.2526,243.79182,117.14388,105.700005,129.98549,0.67741936,124.43065,111.36455,44.49972,22.838701,32.66158,61.696087,38.303913,67.54439,32.45561,1.032258,1.016129
22,Steam,76561199064897647,bacon,LOS GRINGOS,41,32,78.04878,14968,101,310,30,70,63,31,15072,0,29.70297,394.0298,394.46146,48.055954,98405,20371,64978,10792,33427,9579,786,133,2942,855,1762.9,11.777793,1160.0703,7.750336,14030,2686,12366,5323.61,3247.8896,2573.0393,3374.7698,35.56661,21.698889,17.190268,22.546564,1559.0581,21878132,2040.0801,6353.04,6475.0806,8747.371,5442.321,678.5,308.27994,3903,3.2199993,67.78513,43.54986,42.729042,13.721095,58.832787,36.603783,4.563433,3015.8967,2904.5684,3124.048,6801.221,4928.27,3138.75,9422.961,5445.211,10815.871,4052.3396,5033.4,4971.699,26,4434.3994,5589.0005,45.74328,21.110432,33.146286,63.37673,36.623272,72.74494,27.255058,52,34,2.4634147,7.5609756,0.73170733,1.7073171,1.5365853,0.75609756,367.60974,0,29.702969,394.0298,394.46146,48.055954,2400.122,496.85367,1584.8292,263.2195,815.29266,233.63414,19.170732,3.2439024,71.756096,20.853659,42.997562,11.777793,28.294397,7.750336,342.19513,65.51219,301.60974,129.84415,79.21682,62.757057,82.311455,35.56661,21.698889,17.190268,22.546564,1559.0581,533613.0,49.75805,154.9522,157.92879,213.35051,132.73953,16.54878,7.519023,95.19512,0.07853657,67.78513,43.54986,42.729042,13.721095,58.832787,36.603783,4.563433,3015.8967,2904.5684,3124.048,165.88344,120.201706,76.55488,229.82831,132.81003,263.80173,98.837555,122.765854,121.260956,0.63414633,108.15608,136.31708,45.74328,21.110432,33.146286,63.37673,36.623272,72.74494,27.255058,1.2682927,0.8292683
23,Epic,0c0d9a0287d14575b62c5c314219f8f0,beckham1717,POWERPUFF GIRLS,50,24,48.0,18243,120,360,37,125,58,16,14771,0,30.833334,400.15552,385.71616,47.07234,117277,23286,81843,12657,35434,10629,904,142,3042,899,2865.1602,15.705531,1170.1101,6.4140224,8362,1574,14747,7001.2207,3978.1301,2783.51,3841.2498,38.37757,21.806337,15.257962,21.056019,1535.9932,26084512,2283.6199,7711.289,8098.2217,11163.068,6248.94,681.16016,339.88,2934,5.839998,66.78231,44.758545,42.61998,12.621474,61.6977,34.537567,3.764737,3054.02,2999.8115,3104.763,7957.2905,6119.4,4016.45,11171.21,6921.911,12746.818,5346.2803,6338.599,5686.9004,43,4713.6997,7085.6006,43.9796,22.198744,33.82166,61.74286,38.257145,70.45128,29.548727,35,48,2.4,7.2,0.74,2.5,1.16,0.32,295.42,0,30.833332,400.15552,385.71616,47.07234,2345.54,465.72,1636.86,253.14,708.68,212.58,18.08,2.84,60.84,17.98,57.303204,15.705531,23.402203,6.4140224,167.24,31.48,294.94,140.02441,79.5626,55.6702,76.825,38.37757,21.806337,15.257962,21.056019,1535.9932,521690.25,45.672398,154.22578,161.96443,223.26137,124.9788,13.623203,6.7976003,58.68,0.11679996,66.78231,44.758545,42.61998,12.621474,61.6977,34.537567,3.764737,3054.02,2999.8115,3104.763,159.14581,122.388,80.329,223.4242,138.43822,254.93637,106.925606,126.77198,113.73801,0.86,94.273994,141.712,43.9796,22.198744,33.82166,61.74286,38.257145,70.45128,29.548727,0.7,0.96
24,Steam,76561198966482468,buckystyle,DECHAMBROS,62,29,46.774193,22576,183,470,60,153,90,27,23466,0,32.786884,438.00287,430.03012,45.03409,161806,37353,119101,23524,42705,13829,1407,270,3710,1209,3629.8296,16.078268,1623.5303,7.191399,11297,966,20933,9346.459,4653.669,3462.46,4430.7485,41.39998,20.613346,15.336906,19.625923,1615.8152,33986310,3983.31,9478.939,8925.801,13051.159,8184.6704,1152.2003,711.4199,7040,6.259998,70.25283,39.86859,42.33928,17.792126,58.29525,36.558243,5.146501,2921.6646,2783.6406,3065.112,10268.969,6954.0903,5164.98,13904.538,8483.421,15850.301,6537.679,7363.8003,7075.0996,57,6892.8003,7387.3013,45.868103,23.070265,31.061634,62.107212,37.892784,70.79826,29.201738,72,60,2.951613,7.580645,0.9677419,2.467742,1.451613,0.43548387,378.48386,0,32.786884,438.00287,430.03012,45.03409,2609.7742,602.4677,1920.9839,379.41934,688.79034,223.04839,22.693548,4.354839,59.83871,19.5,58.54564,16.078268,26.185972,7.191399,182.20967,15.580646,337.62903,150.74934,75.05917,55.846127,71.463684,41.39998,20.613346,15.336906,19.625923,1615.8152,548166.3,64.24693,152.88612,143.96452,210.50256,132.01082,18.583876,11.474515,113.548386,0.100967705,70.25283,39.86859,42.33928,17.792126,58.29525,36.558243,5.146501,2921.6646,2783.6406,3065.112,165.62852,112.16275,83.30613,224.26674,136.82938,255.65001,105.44644,118.77097,114.11451,0.91935486,111.1742,119.15002,45.868103,23.070265,31.061634,62.107212,37.892784,70.79826,29.201738,1.1612903,0.9677419
25,Steam,76561198169500756,desi,FLOPSTARS,46,21,45.652172,16790,178,354,60,109,94,24,24800,0,33.707867,486.48898,479.20667,50.37206,134098,24312,98124,14314,35974,9998,1171,168,3238,874,2022.9696,12.048657,1818.3799,10.830136,19990,2762,19947,5351.43,3346.6204,2645.6204,4898.9497,31.872723,19.932224,15.757119,29.177782,1612.2755,25246018,3466.02,6460.91,6722.71,8583.67,6704.469,1361.57,203.09996,3248,2.8699987,70.09893,40.377506,38.805103,20.817387,51.554474,40.267788,8.17774,2669.3726,2498.067,2843.8025,8343.7295,5049.0996,3256.8398,11119.16,5530.501,12535.209,4114.47,5590.5996,5248.3003,42,6269.301,4758.9004,50.113487,19.560991,30.325527,66.783104,33.2169,75.28799,24.71201,54,46,3.8695652,7.695652,1.3043479,2.3695652,2.0434783,0.5217391,539.13043,0,33.707867,486.48898,479.20667,50.37206,2915.1738,528.5217,2133.1304,311.17392,782.04346,217.34782,25.456522,3.652174,70.391304,19.0,43.9776,12.048657,39.53,10.830136,434.56522,60.04348,433.63043,116.33544,72.75262,57.513485,106.49891,31.872723,19.932224,15.757119,29.177782,1612.2755,548826.5,75.34826,140.45457,146.14587,186.60152,145.74933,29.599346,4.4152164,70.608696,0.062391277,70.09893,40.377506,38.805103,20.817387,51.554474,40.267788,8.17774,2669.3726,2498.067,2843.8025,181.38542,109.76304,70.800865,241.72087,120.22828,272.50455,89.44501,121.534775,114.09348,0.9130435,136.28915,103.45435,50.113487,19.560991,30.325527,66.783104,33.2169,75.28799,24.71201,1.173913,1.0
26,Epic,2c93f906466240ee97bfdaeda4c5d9c7,jeridinho.,BIG THREE,46,22,47.826088,16210,193,371,66,111,124,18,26471,0,34.19689,459.44003,446.1357,47.919678,120531,22604,90565,13122,29966,9482,1083,152,2556,769,1821.7101,11.238187,2376.0903,14.658175,18270,2251,20647,5666.389,3042.1501,2539.44,4327.2905,34.956135,18.767118,15.665885,26.695192,1591.2208,23911836,3087.7097,6227.229,6729.65,8483.7705,6415.331,1145.4302,215.04997,1397,7.0400004,69.18351,41.943424,38.81202,19.244555,52.8764,39.984535,7.139069,2691.7854,2473.0193,2912.4895,8278.12,4783.8105,2982.63,10860.28,5184.22,12202.309,3842.2002,5612.0005,4711.9004,44,6220.5005,4434.6997,51.59456,18.589664,29.815779,67.68849,32.311512,76.052864,23.947136,31,51,4.195652,8.065217,1.4347826,2.4130435,2.6956522,0.39130434,575.45654,0,34.19689,459.44003,446.1357,47.919678,2620.239,491.3913,1968.8043,285.26086,651.43475,206.13043,23.543478,3.3043478,55.565216,16.717392,39.602394,11.238187,51.654137,14.658175,397.17392,48.934784,448.84784,123.18237,66.1337,55.205215,94.07153,34.956135,18.767118,15.665885,26.695192,1591.2208,519822.53,67.12412,135.37454,146.29674,184.4298,139.46371,24.900656,4.674999,30.369566,0.1530435,69.18351,41.943424,38.81202,19.244555,52.8764,39.984535,7.139069,2691.7854,2473.0193,2912.4895,179.95914,103.99588,64.83978,236.09305,112.70044,265.26758,83.52609,122.00001,102.43262,0.95652175,135.22827,96.40652,51.59456,18.589664,29.815779,67.68849,32.311512,76.052864,23.947136,0.67391306,1.1086956
27,Steam,76561198367844942,lovegre3n,LOS GRINGOS,27,21,77.77778,9834,76,206,24,45,25,21,8933,0,31.578947,395.6196,388.17572,49.5125,63622,13185,44474,7865,19148,5320,499,87,1661,465,1013.91,10.31025,572.45,5.8211308,5135,842,7141,3614.8796,2163.71,1775.3201,2013.0701,36.758995,22.002338,18.052877,20.47051,1541.0419,14197943,1618.0898,3822.4695,4312.66,5089.3696,4146.01,517.77997,156.18,1634,2.6099997,67.00182,44.217808,39.19187,16.590315,52.181755,42.509403,5.3088436,2970.1443,2888.1882,3046.283,4430.3,3086.95,2235.9202,6018.0303,3735.1897,6796.109,2957.05,2917.7,3419.9001,14,2895.4001,3273.0999,45.424202,22.92506,31.650736,61.703007,38.29699,69.6811,30.318893,23,26,2.8148148,7.6296296,0.8888889,1.6666666,0.9259259,0.7777778,330.85184,0,31.578949,395.6196,388.17572,49.5125,2356.3704,488.33334,1647.1852,291.2963,709.1852,197.03703,18.481482,3.2222223,61.51852,17.222221,37.55222,10.31025,21.201853,5.8211308,190.18518,31.185184,264.48148,133.88443,80.137405,65.752594,74.55815,36.758995,22.002338,18.052877,20.47051,1541.0419,525849.75,59.929253,141.57294,159.72815,188.49518,153.55592,19.177036,5.7844443,60.51852,0.09666666,67.00182,44.217808,39.19187,16.590315,52.181755,42.509403,5.3088436,2970.1443,2888.1882,3046.283,164.08517,114.33148,82.81186,222.89001,138.34036,251.70773,109.52037,108.06296,126.66297,0.5185185,107.237045,121.22592,45.424202,22.92506,31.650736,61.703007,38.29699,69.6811,30.318893,0.8518519,0.962963
28,Steam,76561198057494308,malarkey,CANADIANS,57,27,47.36842,20626,132,431,34,126,61,23,16670,0,25.757576,374.94397,373.07278,52.480747,128250,26711,84348,15071,43902,11640,1019,186,3851,1015,2116.4702,10.261176,1830.8298,8.876321,19335,3930,10944,6215.2104,4582.49,3775.7104,5472.0093,30.132893,22.217058,18.305586,26.529669,1512.1881,29289312,2413.7002,8498.99,9579.488,11801.08,7411.2505,1279.7899,417.08002,3139,7.579999,65.74731,46.747044,41.474308,11.778641,57.588383,36.166344,6.2452784,2944.0674,2893.1113,2990.3672,9612.55,6658.6104,4221.04,13162.56,7329.5903,14562.111,5930.0806,6694.0005,6510.4995,44,6231.001,7018.5,46.908337,20.598278,32.493393,64.23221,35.767796,71.06176,28.938246,52,45,2.3157895,7.5614033,0.5964912,2.2105262,1.0701754,0.40350878,292.45615,0,25.757574,374.94397,373.07278,52.480747,2250.0,468.61404,1479.7894,264.4035,770.2105,204.21053,17.877193,3.2631578,67.5614,17.807018,37.131058,10.261176,32.119823,8.876321,339.21054,68.947365,192.0,109.03878,80.39456,66.24053,96.00016,30.132893,22.217058,18.305586,26.529669,1512.1881,513847.6,42.34562,149.10509,168.0612,207.0365,130.02194,22.452456,7.3171935,55.070175,0.13298243,65.74731,46.747044,41.474308,11.778641,57.588383,36.166344,6.2452784,2944.0674,2893.1113,2990.3672,168.64122,116.817726,74.05334,230.9221,128.58931,255.47563,104.0365,117.43861,114.21929,0.7719298,109.3158,123.13158,46.908337,20.598278,32.493393,64.23221,35.767796,71.06176,28.938246,0.9122807,0.7894737
29,Steam,76561198395894083,nyk,FLOWBERRIES,42,27,64.28571,15478,124,355,46,84,106,31,22365,0,37.096775,434.13477,430.36182,49.28372,111019,20483,80573,12334,30446,8149,976,147,2605,705,1970.1901,12.728971,1716.4998,11.089932,17057,2500,15279,5306.79,3288.6401,2443.8706,3965.5005,34.28602,21.24719,15.789318,25.62024,1612.5973,23298386,2906.4297,6272.85,6180.19,7992.65,6489.5703,877.18994,256.13,2324,4.659999,70.11293,40.237,40.84028,18.922722,52.03748,42.251427,5.711091,2848.9731,2679.622,3018.084,8035.6606,4470.75,2853.0398,10452.592,4906.83,11861.018,3498.4001,5683.9,4414.0005,32,5080.2993,4909.5,52.31737,18.575142,29.107487,68.05329,31.94671,77.22309,22.776905,37,39,2.952381,8.452381,1.0952381,2.0,2.5238094,0.7380952,532.5,0,37.096775,434.13477,430.36182,49.28372,2643.3096,487.6905,1918.4048,293.66666,724.9048,194.0238,23.238094,3.5,62.02381,16.785715,46.909286,12.728971,40.86904,11.089932,406.11905,59.52381,363.7857,126.35214,78.30096,58.187397,94.41668,34.28602,21.24719,15.789318,25.62024,1612.5973,554723.5,69.20071,149.35358,147.14738,190.3012,154.51358,20.885475,6.0983334,55.333332,0.110952355,70.11293,40.237,40.84028,18.922722,52.03748,42.251427,5.711091,2848.9731,2679.622,3018.084,191.32526,106.44643,67.92952,248.87123,116.829285,282.40518,83.29524,135.33095,105.09525,0.7619048,120.95951,116.89286,52.31737,18.575142,29.107487,68.05329,31.94671,77.22309,22.776905,0.88095236,0.9285714
30,Epic,f3395fb79ab94f2aa28c4ac87d4f7401,riainoo,SCHOOL SHOOTERS,46,17,36.95652,17035,114,374,22,103,51,25,13379,0,19.298246,338.44748,336.41913,52.745583,95515,20785,64912,12520,30603,8265,800,156,2734,741,1342.46,7.8805985,1828.4601,10.733549,16214,3236,9998,4675.3,3742.7905,3156.0903,4809.31,27.445257,21.97118,18.527094,28.231934,1522.3704,24313992,2326.9702,6506.991,8031.1606,9328.251,6573.34,963.55,308.06,2692,5.33,66.19001,47.619934,38.58253,13.797528,55.31084,38.9759,5.713264,2991.8804,2824.391,3149.2258,8110.8906,5246.9404,3507.3005,10918.652,5946.4106,11444.871,5420.2104,4802.4995,6458.5,28,5090.7993,6179.199,48.092663,20.796165,31.111176,64.74125,35.25875,67.86134,32.138657,40,59,2.4782608,8.130435,0.47826087,2.2391305,1.1086956,0.54347825,290.84784,0,19.298246,338.44748,336.41913,52.745583,2076.413,451.84784,1411.1305,272.17392,665.2826,179.67392,17.391304,3.3913043,59.434784,16.108696,29.183912,7.8805985,39.749134,10.733549,352.47827,70.347824,217.34782,101.636955,81.36501,68.61066,104.55022,27.445257,21.97118,18.527094,28.231934,1522.3704,528565.06,50.586308,141.45633,174.59045,202.78807,142.8987,20.94674,6.6969566,58.52174,0.11586957,66.19001,47.619934,38.58253,13.797528,55.31084,38.9759,5.713264,2991.8804,2824.391,3149.2258,176.32372,114.06392,76.24567,237.36201,129.26979,248.80154,117.830666,104.40216,140.40218,0.6086956,110.66955,134.33041,48.092663,20.796165,31.111176,64.74125,35.25875,67.86134,32.138657,0.8695652,1.2826087
31,Steam,76561198851976955,yma.,BIG THREE,46,22,47.826088,16210,84,371,29,111,41,26,12628,0,34.52381,426.64066,408.0296,44.38245,110236,20185,76203,11285,34033,8900,867,129,2963,771,2682.9001,16.550894,1462.4701,9.022024,10995,1685,18645,6703.9897,3448.0,2165.2302,3348.59,41.357124,21.27082,13.357373,20.657557,1625.1288,24496660,2927.5903,6826.78,6331.08,8769.36,6649.8804,666.1402,254.47002,2955,3.9399984,70.65777,39.35905,42.440716,18.20024,54.517582,41.341145,4.1412773,3010.4263,2903.3252,3111.4285,7996.0405,5013.3506,3075.97,10703.171,5382.27,11121.079,4964.37,4857.3994,5406.701,36,4859.501,5419.2,49.71005,19.122791,31.167164,66.5395,33.460506,69.137505,30.86249,53,43,1.826087,8.065217,0.6304348,2.4130435,0.8913044,0.5652174,274.52173,0,34.52381,426.64066,408.0296,44.38245,2396.4348,438.80435,1656.5869,245.32608,739.84784,193.47826,18.847826,2.8043478,64.41304,16.76087,58.323917,16.550894,31.792828,9.022024,239.02174,36.630436,405.32608,145.7389,74.95652,47.07022,72.79543,41.357124,21.27082,13.357373,20.657557,1625.1288,532536.06,63.64327,148.40825,137.63217,190.63828,144.56262,14.481309,5.5319567,64.23913,0.085652135,70.65777,39.35905,42.440716,18.20024,54.517582,41.341145,4.1412773,3010.4263,2903.3252,3111.4285,173.82697,108.985886,66.86891,232.67763,117.00587,241.76259,107.92109,105.59564,117.53698,0.7826087,105.64133,117.8087,49.71005,19.122791,31.167164,66.5395,33.460506,69.137505,30.86249,1.1521739,0.9347826
